<?xml version="1.0" encoding="UTF-8"?>
<OfficeApp xmlns="http://schemas.microsoft.com/office/appforoffice/1.1"
           xmlns:xsi="http://www.w3.org/2001/XMLSchema-instance"
           xsi:type="MailApp">

  <!-- Basic Info -->
  <Id>40e083f6-c098-4335-b9df-59fe71b18a4f</Id>
  <Version>1.0.0.0</Version>
  <ProviderName>Your Company Name</ProviderName>
  <DefaultLocale>en-US</DefaultLocale>
  <DisplayName DefaultValue="Salesforce Add-in"/>
  <Description DefaultValue="Send emails to Salesforce and manage settings."/>
  <IconUrl DefaultValue="https://localhost:3001/assets/icon-32.png"/>
  <SupportUrl DefaultValue="https://localhost:3001/support"/>

  <!-- Permissions -->
  <Permissions>ReadWriteMailbox</Permissions>
  <Requirements>
    <Sets>
      <Set Name="Mailbox" MinVersion="1.1"/>
    </Sets>
  </Requirements>

  <!-- Form Factor -->
  <Hosts>
    <Host Name="Mailbox"/>
  </Hosts>

  <DefaultSettings>
    <SourceLocation DefaultValue="https://localhost:3001/taskpane.html"/>
  </DefaultSettings>

  <!-- Extension Points -->
  <ExtensionPoint xsi:type="MessageReadCommandSurface">
    <OfficeControl xsi:type="Button" id="sendToSalesforce">
      <Label resid="sendToSalesforceLabel"/>
      <Icon resid="icon16"/>
      <Action xsi:type="ShowTaskpane">
        <SourceLocation resid="TaskPaneUrl"/>
      </Action>
    </OfficeControl>
    <OfficeControl xsi:type="Button" id="openSettings">
      <Label resid="openSettingsLabel"/>
      <Icon resid="icon16"/>
      <Action xsi:type="ShowTaskpane">
        <SourceLocation resid="SettingsPaneUrl"/>
      </Action>
    </OfficeControl>
  </ExtensionPoint>

  <!-- Resources -->
  <Resources>
    <bt:Images>
      <bt:Image id="icon16" DefaultValue="https://localhost:3001/assets/icon-16.png"/>
    </bt:Images>
    <bt:Urls>
      <bt:Url id="TaskPaneUrl" DefaultValue="https://localhost:3001/taskpane.html"/>
      <bt:Url id="SettingsPaneUrl" DefaultValue="https://localhost:3001/settings.html"/>
    </bt:Urls>
    <bt:ShortStrings>
      <bt:String id="sendToSalesforceLabel" DefaultValue="Send to Salesforce"/>
      <bt:String id="openSettingsLabel" DefaultValue="Settings"/>
    </bt:ShortStrings>
  </Resources>
</OfficeApp>
``